{"cameraMode":{"drawMode":0,"name":"Shaded","section":"Shading Mode"},"sceneLighting":false,"audioPlay":false,"sceneViewState":{"m_AlwaysRefresh":false,"showFog":true,"showSkybox":false,"showFlares":true,"showImageEffects":true,"showParticleSystems":true,"showVisualEffectGraphs":true,"m_FxEnabled":true},"in2DMode":false,"pivot":{"x":-9.95982551574707,"y":0.06306993961334229,"z":9.933094024658204},"rotation":{"x":-0.004407132510095835,"y":0.9927493333816528,"z":-0.11397772282361984,"w":-0.03843717277050018},"size":14.068646430969239,"orthographic":false}