{"cameraMode":{"drawMode":0,"name":"Shaded","section":"Shading Mode"},"sceneLighting":true,"audioPlay":false,"sceneViewState":{"m_AlwaysRefresh":false,"showFog":true,"showSkybox":true,"showFlares":true,"showImageEffects":true,"showParticleSystems":true,"showVisualEffectGraphs":true,"m_FxEnabled":true},"in2DMode":false,"pivot":{"x":34.601863861083987,"y":0.9410656094551086,"z":36.48711013793945},"rotation":{"x":-0.005770500749349594,"y":-0.40446537733078005,"z":0.002552021760493517,"w":-0.9145321249961853},"size":1.248915433883667,"orthographic":false}