{"cameraMode":{"drawMode":0,"name":"Shaded","section":"Shading Mode"},"sceneLighting":false,"audioPlay":false,"sceneViewState":{"m_AlwaysRefresh":false,"showFog":false,"showSkybox":false,"showFlares":false,"showImageEffects":false,"showParticleSystems":false,"showVisualEffectGraphs":true,"m_FxEnabled":true},"in2DMode":false,"pivot":{"x":0.22816672921180726,"y":1.1219063997268677,"z":-2.559239625930786},"rotation":{"x":-0.0008931087795644999,"y":0.9990962743759155,"z":0.03267238289117813,"w":0.027282986789941789},"size":3.1518008708953859,"orthographic":false}